x,y,z
1.83697019872103E-15,4.499279347985573E-31,15.0
0.07487659401198206,7.487908999828886E-4,14.975942798765002
0.1494902049443191,0.002990202803225689,14.951512393230088
0.22381669757829042,0.006716516003057392,14.926710587614336
0.2978321030744495,0.011919641943546487,14.901539195362142
0.37151262450493516,0.018591126413307034,14.876000039068034
0.4448346423277955,0.026722152821673256,14.850094950401283
0.5177747198022115,0.03630354555623242,14.823825770030279
0.5903096083433351,0.04732577342067501,14.797194347546688
0.6624162528156623,0.05977895315192402,14.770202541389395
0.7340717967636373,0.07365285301545697,14.742852218768217
0.8052535875784467,0.08893689647774836,14.71514525558742
0.8759391815997889,0.10562016595471606,14.687083536369022
0.9461063491516121,0.12369140663507315,14.658668954175877
1.015733079510594,0.14313903037742226,14.629903410534553
1.0847975858063945,0.16395111967996218,14.600788815358035
1.1532783098525445,0.1861154317216196,14.571327086868195
1.2211539269070406,0.2096194024734535,14.541520151518073
1.2884033503614976,0.2344501508790955,14.51136994391398
1.3550057363579677,0.260594483103045,14.480878406737391
1.4209404883323749,0.2880388968455667,14.450047490666657
1.4861872614837008,0.3167695857229861,14.418879154298521
1.550725967167878,0.34677244371208277,14.387375364069472
1.614536777215558,0.37803306965735056,14.35553809417689
1.6776001281728041,0.4105367718398132,14.323369326500032
1.7398967254639186,0.4442685726061473,14.290871050520833
1.8014075474754487,0.4792132130567496,14.258045263244549
1.8621138495606206,0.5153551577914741,14.2248939691202
1.9219971679633696,0.5526785997116967,14.191419179960878
1.9810393236611556,0.5911674648773482,14.157622914863873
2.0392224261258787,0.6308054174176165,14.123507200130632
2.0965288770020525,0.6715758644938893,14.089074069186584
2.15294137370159,0.7134619613136178,14.054325562500765
2.208442912914461,0.7564466161936798,14.019263727505344
2.263016794034618,0.8005124956719102,13.98389061851495
2.3166466225004365,0.8456420296653208,13.948208296645875
2.3693163130491333,0.8918174166736688,13.912218829735131
2.4210100928844915,0.9390206290269008,13.87592429225936
2.471712504757391,0.9872334181751208,13.839326765253585
2.5214084099584864,1.0364373200195631,13.80242833622987
2.5700829912225815,1.0866136602831997,13.765231099095805
2.6177217555441232,1.1377435599194807,13.727737154072873
2.6643105369034084,1.1898079405578326,13.689948607614676
2.7098354989029447,1.2427875299843585,13.651867572325068
2.7542831373135948,1.2966628676563585,13.613496166876132
2.797640282530038,1.3514143102491316,13.574836515926043
2.8398941019352186,1.4070220372336735,13.53589075003682
2.8810321021733394,1.4634660564836899,13.496661005591966
2.921042131331102,1.520726209910519,13.457149424713982
2.9599123810268377,1.5787821791244179,13.417358155181786
2.9976313884072976,1.6376134911208062,13.377289350348017
3.034188038051727,1.6971995239898703,13.336945169056234
3.069571563783063,1.7575195126481058,13.296327775558016
3.1037715503859853,1.8185525545902828,13.255439339429975
3.1367779352316076,1.8802776156602963,13.214282035490651
3.168581009808699,1.9426735358394989,13.172858043717339
3.1991714211611826,2.0057190350508862,13.13116954916279
3.2285401732318473,2.069392718977704,13.089218741871882
3.2566786281121773,2.1336730848950136,13.047007816798146
3.283578507198153,2.198538527512604,13.004538973720255
3.309231892252023,2.2639673448278375,12.961814417158399
3.333631226369989,2.3299377439868993,12.918836356290614
3.3567693148557898,2.3964278471529172,12.875607004869039
3.3786393260002194,2.463415697379541,12.832128581136056
3.3992347917665846,2.5308792644883744,12.78840330774043
3.418549608382187,2.5987964509488477,12.744433411653327
3.4365780368358982,2.6671450977589752,12.700221124084313
3.453314703281957,2.7359029903256022,12.655768680397255
3.468754599350092,2.8050478643425434,12.611078320026202
3.4828930823621493,2.8745574116652093,12.566152286391189
3.495725875455378,2.944409286180193,12.520992826813998
3.507249067612607,3.0145811096684256,12.47560219243387
3.517459113599508,3.0850504776603165,12.429982638123176
3.5263528338092103,3.155794965281519,12.38413642240304
3.5339274140145167,3.226792133087775,12.338065807358928
3.540180405028053,3.2980195328875084,12.291773058556194
3.545109722270622,3.36945471355058,12.245260444955596
3.548713645248124,3.4410752268018694,12.198530238828784
3.5509908169374107,3.512858632998217,12.151584715673758
3.5519402430814324,3.5847825068872776,12.104426154130296
3.551561291394111,3.65682444334696,12.057056835895368
3.549853690675339,3.7289620631039204,12.009479045638509
3.5468175298365803,3.801173018429783,11.961695070917221
3.542453256837521,3.873434998813735,11.913707202092304
3.536761677534278,3.945725736610012,11.865517732243221
3.5297439544396654,4.018023012658984,11.817128957083419
3.521401605396075,4.090304661880462,11.768543174875676
3.5117365021615004,4.162548578837822,11.71976268634744
3.5007508689092988,4.234732723271721,11.670789794606124
3.4884472806422893,4.30683512560194,11.621626805054477
3.474828661521788,4.378833892396132,11.572276025305896
3.459898283112248,4.450707211804091,11.522739765099791
3.443659762542121,4.522433358956354,11.473020336216923
3.426117060581665,4.593990701325723,11.423120052394793
3.4072744796383585,4.66535770405053,11.373041229243016
3.3871366616706586,4.736512935218314,11.322786184158744
3.365708586020829,4.807435071108767,11.272357236242076
3.3429955671676046,4.878102901394589,11.221756706211528
3.31900325239945,4.94849533429913,11.170986916319508
3.2937376194092294,5.018591401709523,11.120050190267833
3.2672049738110625,5.0883702642442685,11.06894885312327
3.2394119465802333,5.157811216273893,11.017685231233125
3.2103654914169732,5.226893690893668,10.966261652140853
3.1800728820349895,5.2955972648471965,10.914680444501734
3.148541709375638,5.363901663399689,10.862943937998576
3.1157798787485844,5.431786765159915,10.81105446325746
3.081795606899948,5.499232606849618,10.759014351763554
3.0465974190088008,5.566219388019345,10.706825935776973
3.010194145612974,5.632727475709691,10.654491548248677
2.9725949194651724,5.698737409056784,10.602013522736453
2.9338091723203363,5.764229903841054,10.549394193320943
2.893846631655268,5.8291858569782615,10.496635894521733
2.852717317321534,5.893586350951723,10.443740961213534
2.8104315381326357,5.957412658184858,10.390711728542383
2.7669998883865365,6.0206462453529666,10.337550531841964
2.7224332443245762,6.083268777633338,10.284259706549994
2.6767427605278047,6.145262122892823,10.230841588124644
2.629939866251892,6.206608355811835,10.177298511961103
2.5820362617016355,6.267289761943965,10.123632813308188
2.53304391424622,6.327288841710308,10.069846827185032
2.482975054576315,6.386588314327662,10.015942888297891
2.4318421728041915,6.4451711216697,9.961923330957024
2.3796580145079207,6.5030204320604,9.907790488993657
2.3264355767208995,6.560119643998809,9.853546695677055
2.272188103867837,6.616452389814437,9.799194283631707
2.216929083648326,6.6720025392525235,9.744735584754574
2.1606722428692913,6.726754202988379,9.690172930132483
2.103431543227431,6.780691736070112,9.635508649959604
2.0452211770428956,6.833799741289054,9.580745073455034
1.9860555629454424,6.886063072477144,9.525884528780523
1.9259493415142215,6.937466837730693,9.470929342958263
1.864917370872531,6.987996402559823,9.415881841788844
1.8029747222387356,7.037637392962925,9.360744349769318
1.7401366754345646,7.086375698425674,9.305519190011356
1.6764187143521478,7.134197474843876,9.250208684159572
1.611836522380987,7.181089147369646,9.19481515230995
1.5464059777961596,7.227037413180403,9.139340912928404
1.4801431491090762,7.272029244170098,9.083788282769493
1.4130642903820014,7.31605188956228,9.028159576795229
1.3451858365077354,7.35909287844441,8.972457108094067
1.276524398455721,7.401140022223044,8.916683187800022
1.2070967584858288,7.442181416999454,8.860840125011906
1.1369198653312464,7.482205445865226,8.804930226712754
1.0660108293517143,7.521200781117501,8.748955797689367
0.9943869176584538,7.559156386393446,8.69291914045201
0.9220655492121218,7.596061518723659,8.636822555154282
0.8490642898951537,7.631905730504128,8.580668339513135
0.7754008475597404,7.666678871386494,8.524458788729028
0.7010930670529011,7.70037109008631,8.468196195406277
0.6261589252199403,7.732972836109012,8.411882849473567
0.5506165258875743,7.7644748613934595,8.355521038104596
0.4744840948282,7.794868221872697,8.299113045638927
0.39777997470656007,7.824144278951858,8.242661153502997
0.3205226200101887,7.852294700902988,8.186167640131288
0.24273059196502242,7.879311464176618,8.129634780887715
0.16442255343743192,7.905186854630042,8.073064847987132
0.08561726382415624,7.929913468672091,8.01646011041708
0.0063335739314328236,7.953484214324385,7.959822833859689
-0.07340957915538447,7.975892312199001,7.903155280613758
-0.15359317721023455,7.997131296392475,7.846459709517055
-0.23419812601153706,8.017195015296174,7.7897383758687875
-0.31520526049277287,8.036077632322982,7.732993531352261
-0.3965953498970725,8.053773626550388,7.676227423957775
-0.4783491029345715,8.070277793279978,7.6194422979056515
-0.5604471729410517,8.085585244513407,7.5626403935695246
-0.6428701630365906,8.099691409344969,7.505823947399822
-0.725598631282944,8.112592034270824,7.448995191847414
-0.8086130958381896,8.124283183415084,7.392156355287531
-0.891894040107406,8.134761238672848,7.3353096619438425
-0.9754219178880166,8.144022899770388,7.278457331812779
-1.0591771585084908,8.152065184242696,7.221601580588061
-1.1431401719590333,8.158885427328586,7.164744619585456
-1.2272913540130659,8.164481281783608,7.107888655667718
-1.31161109133805,8.168850717611019,7.0510358911698185
-1.3960797665944058,8.171992021711086,6.994188523824341
-1.4806777635213115,8.173903797449054,6.937348746687126
-1.5653854720079434,8.174584964142081,6.880518748063164
-1.6501832931489815,8.174034756465439,6.82370071143269
-1.7350516442830728,8.172252723778433,6.766896815377533
-1.819970964012945,8.16923872937034,6.710109233507711
-1.9049217172060156,8.164992949626821,6.6533401343882295
-1.9898843999741094,8.159515873117176,6.596591681466157
-2.074839544631093,8.152808299602949,6.539866032997948
-2.159767724627271,8.144871338968283,6.483165341976969
-2.2446495594591673,8.135706410072553,6.4264917560613215
-2.329465719553581,8.125315239525733,6.369847417501899
-2.414196931124675,8.113699860387053,6.313234463070678
-2.4988239810028636,8.100862610787466,6.256655023989312
-2.5833277214344093,8.086806132476475,6.200111225857918
-2.6676890748504274,8.071533369293919,6.1436051885841785
-2.7518890386041726,8.055047565567264,6.087139026312699
-2.8359086896755406,8.03735226443508,6.030714847354584
-2.919729189341483,8.018451306097273,5.974334754117337
-3.0033317878113133,7.99834882599272,5.918000843035002
-3.086697828825742,7.977049252905032,5.861715204498569
-3.1698087542185434,7.9545573069970565,5.805479922786678
-3.2526461084397043,7.9308779977748545,5.7492970759965765
-3.3351915430390857,7.906016621981853,5.693168735975355
-3.417426821109391,7.879978761423928,5.637096968251477
-3.4993338216874226,7.852770280726136,5.58108383196659
-3.580894544112676,7.824397325021875,5.525131379807595
-3.6620911123420825,7.794866317575267,5.469241657939035
-3.742905779219988,7.764183957337524,5.413416705935749
-3.8233209307023333,7.73235721643815,5.357658556715824
-3.9033190900340116,7.699393337611792,5.30196923647386
-3.9828829218785256,7.665299831561547,5.246350764614476
-4.061995236398851,7.630084474259653,5.190805153686163
-4.140638993288628,7.593755304186373,5.1353344093154325
-4.218797305752797,7.556320619507982,5.0799405301412195
-4.296453444436657,7.517788975194769,5.0246255077496444
-4.373590841302524,7.478169180079941,4.9693913266090455
-4.450193093453068,7.437470293860374,4.914239964005329
-4.526243966900497,7.395701624040158,4.859173389977624
-4.601727400280655,7.352872722817867,4.804193567254261
-4.6766275085113485,7.308993383918525,4.74930245118903
-4.750928586393876,7.264073639371288,4.694501989697807
-4.824615112157163,7.218123756233739,4.639794123195429
-4.8976717509435765,7.17115423326392,4.585180784532951
-4.970083358235698,7.123175797541011,4.5306638989351855
-5.041834983223313,7.074199401035724,4.476245383938574
-5.112911872109893,7.02423621713147,4.421927149329382
-5.183299471357772,6.9732976370973105,4.367711097082237
-5.252983430871484,6.9213952665137235,4.31359912129895
-5.321949607118358,6.868540921652366,4.259593108147728
-5.390184066185948,6.814746625810754,4.205694935802654
-5.457673086775442,6.760024605603069,4.151906474383555
-5.524403163130577,6.704387287208142,4.098229585896174
-5.590361007901358,6.647847292575697,4.0446661241726884
-5.6555335549420604,6.590417435591996,3.991217934812559
-5.7199079620428686,6.5321107182060345,3.937886855123753
-5.783471613594713,6.47294032651731,3.884674714064245
-5.846212123186634,6.412919626826448,3.831583332183936
-5.908117336135282,6.352062161649695,3.7786145215668614
-5.969175331945992,6.290381645698512,3.7257700857737754
-6.02937442670496,6.22789196182542,3.6730518197850883
-6.08870317540212,6.164607156937191,3.620461509944127
-6.147150374184202,6.100541437876655,3.568000933900784
-6.204705062537649,6.035709167274213,3.5156718605554897
-6.2613565254008945,5.970124859370307,3.4634760500035706
-6.3170942952057265,5.903803175809955,3.4114152534799307
-6.371908153847294,5.836758921410639,3.3594912133041355
-6.425788134582477,5.769007039904627,3.30770566282581
-6.478724523856259,5.700562609657038,3.2560603263704433
-6.530707863055864,5.631440839360785,3.2045569191855274
-6.581728950192274,5.561657063709601,3.153197147387078
-6.631778841509024,5.4912267390504095,3.1019827079065134
-6.680848853017858,5.420165439016209,3.0509152884379165
-6.728930561961191,5.348488850140663,2.999996567385647
-6.776015808201054,5.276212767455709,2.9492282138123525
-6.8220966955344355,5.20335309007327,2.8986118873873257
-6.867165592934778,5.129925816752422,2.8481492383352633
-6.911215135719587,5.055947041453128,2.797841907385379
-6.954238226643927,4.981432948877843,2.747691525720918
-6.996228036919802,4.906399810002149,2.697699714929026
-7.037178007161284,4.830863977595709,2.6478680869510307
-7.077081848255351,4.754841881734669,2.598198244033071
-7.115933542158388,4.67835002530686,2.548691778677148
-7.15372734261836,4.601404979510868,2.4993502735925284
-7.190457775822614,4.524023379350335,2.450175301647555
-7.226119640971357,4.4462219191246195,2.401168425821853
-7.260708010776873,4.368017347917043,2.3523311991588955
-7.294218231888485,4.289426465081995,2.303665164718999
-7.326645925243403,4.210466115732026,2.255171855532679
-7.357986986343503,4.131153186226212,2.2068527945544303
-7.3882375854582065,4.051504599660935,2.1587094946168675
-7.417394167753557,3.9715373113643504,2.1107434583853055
-7.445453453347703,3.8912683043956577,2.062956178312696
-7.472412437292893,3.810714585050456,2.0153491365949985
-7.498268389484272,3.729893178373305,1.9679238051269259
-7.523018854495594,3.6488211236787307,1.9206816454581148
-7.546661651342198,3.567515470081807,1.8736241087496783
-7.569194873171393,3.4859932720395572,1.8267526357311856
-7.590616886880616,3.404271584904255,1.7800686566580237
-7.610926332663584,3.3223674604898963,1.7335735912691934
-7.6301221234848216,3.240297942652895,1.6872688487454865
-7.6482034444828155,3.15808006288825,1.6411558276680978
-7.66516975230223,3.075730835942247,1.595235915977625
-7.681020774355469,2.9932672554429116,1.549510490933506
-7.695756508014022,2.910706289549258,1.5039809190738396
-7.709377219729994,2.8280648766205667,1.4586485561756555
-7.7218834440882,2.7453599209066755,1.4135147472155618
-7.733275982789306,2.6626082882605284,1.3685808263308474
-7.743555903564475,2.5798268018739656,1.3238481167809701
-7.752724539021932,2.4970322380379173,1.2793179309094818
-7.760783485426016,2.414241321928072,1.2349915701063754
-7.767734601409179,2.331470723417044,1.1908703247708345
-7.773580006617463,2.248737052914183,1.1469554742744306
-7.77832208029002,2.1660568572339955,1.1032482869247178
-7.781963459773199,2.083446615494299,1.0597500199292766
-7.7845070389698074,2.00092273504506,1.016461919360157
-7.785955966724107,1.9185015474290337,0.9733852201187764
-7.786313645143193,1.836199304375107,0.9305211459012144
-7.7855837278553155,1.7540321738254574,0.8878709091639649
-7.783770118205871,1.6720162359974124,0.8454357110900909
-7.780876967391609,1.5901674794810814,0.8032167415558333
-7.776908672533831,1.5085017973736308,0.761215179097627
-7.771869874691192,1.427034983451258,0.7194321908795749
-7.765765456812837,1.345782728379698,0.6778689326613251
-7.758600541632566,1.2647606159642963,0.6365265487664133
-7.7503804895047805,1.183984119440461,0.5954061720510081
-7.74111089618294,1.1034685978055008,0.5545089238731221
-7.730797590541276,1.0232292921926318,0.5138359140622301
-7.719446632240553,0.9432813222881391,0.4733882408893516
-7.7070643093386515,0.8636396827924414,0.4331669910375455
-7.693657135846752,0.784319239926024,0.3931732395728681
-7.679231849231979,0.7053347279809604,0.3534080499157452
-7.663795407867257,0.6267007459189512,0.31387247381281047
-7.647354988429294,0.5484317540165835,0.27456755130915805
-7.629917983245452,0.4705420705587028,0.23549431072106325
-7.611491997590457,0.3930458685805746,0.19665376860912082
-7.592084846933742,0.3159571726596801,0.15804692975184248
-7.571704554138337,0.23928985575785658,0.11967478711969858
-7.550359346612234,0.16305763611448376,0.08153832184958706
-7.528057653413048,0.0872740741915113,0.043638503219772515
-7.504808102306982,0.0119525696709263,0.00597628862524429
-7.480619516782964,-0.06289364149454926,-0.03144737644645258
-7.455500913022903,-0.13725148997697031,-0.06863155843896618
-7.4294614968290285,-0.21110807591413064,-0.10557533575041243
-7.40251066050925,-0.28445067169544663,-0.1422777987562283
-7.374657979721517,-0.35726672469203696,-0.17873804983155012
-7.345913210278134,-0.42954385993050154,-0.21495520337316865
-7.316286284911045,-0.5012698827097101,-0.2509283858210088
-7.285787309999039,-0.5724327811601333,-0.28665673567918476
-7.254426562257921,-0.6430207287450634,-0.32213940353657866
-7.222214485394615,-0.7130220867032913,-0.35737555208699384
-7.189161686726253,-0.7824254064326194,-0.3923643561488305
-7.155278933765238,-0.8512194318138135,-0.42710500268433516
-7.120577150771333,-0.9193931014744073,-0.46159669081837174
-7.085067415271823,-0.986935550991997,-0.49583863185676524
-7.048760954550748,-1.053836115036475,-0.5298300493041662
-7.011669142108323,-1.1200843294508758,-0.5635701788814871
-6.973803494091539,-1.185669933270321,-0.5970582685428591
-6.9351756656970425,-1.2505828706787656,-0.6302935784921594
-6.895797447547356,-1.3148132929030731,-0.6632753811990583
-6.855680762041499,-1.3783515600441576,-0.6960029614146341
-6.814837659681094,-1.44118824284477,-0.7284756161865188
-6.773280315373044,-1.503314124393642,-0.7606926548735845
-6.731021024709851,-1.564720201765713,-0.7926533991601921
-6.688072200228687,-1.6253976875980765,-0.824357183069959
-6.644446367650276,-1.6853380116014707,-0.8558033529790938
-6.600156162098729,-1.7445328220069765,-0.8869912676292516
-6.555214324303388,-1.8029739869477752,-0.9179202981399548
-6.509633696783797,-1.8606535957756627,-0.948589828020532
-6.463427220018919,-1.9175639603122325,-0.9789992531816251
-6.416607928601675,-1.9736976160344362,-1.0091479819462126
-6.369188947379926,-2.0290473231944754,-1.0390354350601996
-6.321183487585022,-2.0836060678737844,-1.068661045702525
-6.2726048429489945,-2.137367062971081,-1.0980242594948368
-6.2234663858115455,-2.190323749124289,-1.1271245345106813
-6.173781563217878,-2.242469795566334,-1.1559613412842589
-6.1235638930085825,-2.2937991009146774,-1.1845341628187007
-6.072826959902565,-2.344305793894604,-1.2128424945939036
-6.021584411574244,-2.3939842339961706,-1.2408858445738897
-5.969849954726028,-2.442829012064877,-1.2686637332137243
-5.917637351157277,-2.490834950825996,-1.2961756934659572
-5.864960413830754,-2.537997105342661,-1.323421270786623
-5.811833002937769,-2.5843107634076823,-1.3504000231407638
-5.7582690219630415,-2.6297714458692343,-1.3771115210075122
-5.704282413750453,-2.6743749068904172,-1.4035553473846962
-5.6498871565707045,-2.7181171341428674,-1.4297310977930031
-5.59509726019206,-2.7609943489344717,-1.4556383802796713
-5.5399267619552335,-2.803003006271359,-1.4812768154217264
-5.484389722853475,-2.844139794854325,-1.5066460363287684
-5.428500223619011,-2.884401637009825,-1.53174568864528
-5.3722723608168526,-2.9237856885557822,-1.5565754305525024
-5.315720242947117,-2.9622893386023565,-1.5811349327698259
-5.258857986556862,-2.999910209287962,-1.6054238785557478
-5.201699712362561,-3.036646155450706,-1.6294419637083466
-5.144259541384257,-3.072495264235594,-1.6531888965653254
-5.086551591092466,-3.107455854637689,-1.6766643980035711
-5.028589971568828,-3.1415264769815976,-1.699868201438279
-4.9703887816816685,-3.1747059123375374,-1.7228000528216019
-4.911962105277357,-3.20699317187436,-1.7454597106408565
-4.853324007388648,-3.23838749614983,-1.7678469459162611
-4.794488530460886,-3.2688883543385745,-1.789961542198228
-4.7354696905972435,-3.2984954433980347,-1.8118032955641872
-4.676281473823851,-3.3272086871728495,-1.8333720146149697
-4.616937832375957,-3.3550282354380596,-1.8546675204707166
-4.557452681006006,-3.381954462881587,-1.8756896467663515
-4.497839893314726,-3.4079879680264047,-1.896438239646581
-4.438113298106093,-3.433129572092888,-1.916913157760459
-4.378286675767242,-3.4573803178017886,-1.9371142722554722
-4.3183737546742265,-3.480741468118373,-1.9570414667712017
-4.258388207624615,-3.503214504938173,-1.9766946374325014
-4.198343648297826,-3.524801127714928,-1.996073692842249
-4.138253627744174,-3.5455032520312164,-2.0151785540736236
-4.078131630903556,-3.56532300811235,-2.0340091546619434
-4.0179910731546356,-3.5842627392841053,-2.052565440596054
-3.9578452968954867,-3.602325000374836,-2.0708473703092465
-3.897707568156566,-3.619512556062632,-2.0888549146697537
-3.837591073246902,-3.635828379168055,-2.106588056970769
-3.77750891543435,-3.6512756488931544,-2.124046792920035
-3.7174741116608074,-3.665857749007331,-2.1412311306289653
-3.6574995892932063,-3.6795782659807745,-2.15814109060134
-3.5975981829111494,-3.6924409870660653,-2.174776705721529
-3.537782631131964,-3.7044498983286913,-2.191138021242286
-3.478065573474059,-3.715609182627115,-2.2072250947720837
-3.4184595472593076,-3.7259232175431443,-2.2230379962620144
-3.3589769845553046,-3.7353965732632837,-2.2385768079922297
-3.299630209158223,-3.744034010411824,-2.253841624557951
-3.2404314336170787,-3.7518404778364087,-2.268832552855021
-3.1813927563001108,-3.7588211103468248,-2.283549712065026
-3.1225261585040207,-3.7649812264077855,-2.297993233639963
-3.0638435016068435,-3.7703263257864896,-2.3121632612864653
-3.0053565242650446,-3.7748620871557512,-2.3260599509495994
-2.9470768396556672,-3.7785943656534764,-2.3396834707962055
-2.8890159327641114,-3.7815291903993242,-2.353034001197805
-2.8311851577182763,-3.7836727619693646,-2.3661117347130625
-2.7735957351696507,-3.7850314498295683,-2.3789168760698245
-2.7162587497220527,-3.78561178972895,-2.3914496421467
-2.659185147408602,-3.785420481053259,-2.403710261954217
-2.602385733217543,-3.7844643841400343,-2.415698976615543
-2.545871168667516,-3.7827505175559266,-2.427416039346754
-2.4896519694328196,-3.7802860553371462,-2.438861715436693
-2.4337385030192884,-3.7770783241939494,-2.45003628222638
-2.378140986491268,-3.773134800680034,-2.4609400290879893
-2.3228694842502695,-3.768463108327756,-2.47157325740339
-2.267933905865762,-3.7630710147501127,-2.4819362805422767
-2.2133440039586647,-3.756966428710359,-2.492029423839847
-2.159109372137972,-3.750157397160233,-2.501853024574059
-2.105239442991018,-3.742652102247695,-2.5114074319424518
-2.051743486127779,-3.73445885829515,-2.5206930070385627
-1.9986306062797083,-3.725586108749084,-2.529710122827887
-1.9459097414534794,-3.71604242310206,-2.538459164123432
-1.8935896611400762,-3.7058364937880817,-2.546940527560836
-1.8416789645795508,-3.6949771330522374,-2.555154621573078
-1.7901860790819006,-3.683473269795635,-2.563101866364744
-1.7391192584043544,-3.67133394639658,-2.570782693885892
-1.6884865811854477,-3.6585683155090174,-2.57819754780548
-1.6382959494361429,-3.6451856368391837,-2.5853468834843887
-1.5885550870883778,-3.6311952739014886,-2.5922311679480163
-1.5392715386012563,-3.616606690754613,-2.598850879858459
-1.4904526676252108,-3.601429448718834,-2.6052065094862726
-1.4421056557243068,-3.585673203075565,-2.611298558681829
-1.394237501157013,-3.5693476997501317,-2.617127540846243
-1.346855017715591,-3.5524627719787953,-2.622693980901902
-1.2999648336243412,-3.5350283369610285,-2.6279984152625695
-1.2535733904968378,-3.5170543924980584,-2.6330413918030953
-1.2076869423523813,-3.498551013618705,-2.6378234698286946
-1.1623115546917724,-3.4795283491935303,-2.6423452200438415
-1.1174531036325464,-3.459996618538321,-2.6466072245207424
-1.0731172751037996,-3.4399661080079063,-2.650610076667396
-1.0293095641006604,-3.419447167581385,-2.6543543811952754
-0.9860352739985391,-3.398450207439722,-2.657840754086583
-0.9432995159271732,-3.376985694536793,-2.661069822561111
-0.9011072082045469,-3.355064149164866,-2.664042225042697
-0.8594630758306618,-3.332696141515571,-2.6667586111252963
-0.8183716500412305,-3.3098922882373616,-2.6692196415386364
-0.7778372679212343,-3.286663248990492,-2.671425988113483
-0.7378640720783612,-3.2630197230005624,-2.673378333746511
-0.6984560103762254,-3.238972445611609,-2.6750773723647843
-0.6596168357273763,-3.2145321848397863,-2.6765238088898373
-0.6213501059459682,-3.1897097379286556,-2.677718359201364
-0.5836591836600364,-3.1645159279070976,-2.67866175010052
-0.5465472362832162,-3.1389616001508402,-2.6793547192728444
-0.5100172360458389,-3.1130576189486394,-2.6797980152507757
-0.4740719600852175,-3.0868148640741118,-2.6799923973757993
-0.43871399059498717,-3.060244227364214,-2.679938635760197
-0.40394571503328114,-3.0333566093053745,-2.6796375112484263
-0.3697693263896038,-3.006162915628274,-2.679089815378107
-0.33618682351014456,-2.9786740539122727,-2.6782963503406383
-0.3032000114813345,-2.9509009302004716,-2.677257928941424
-0.2708105020713599,-2.9228544456263577,-2.6759753745597328
-0.23901971422942722,-2.894545493053083,-2.6744495211081794
-0.2078288746424578,-2.8659849537262705,-2.672681212991829
-0.17723901834893535,-2.837183693941371,-2.6706713050669326
-0.14725098940960796,-2.808152561726502,-2.6684206625992797
-0.11786544163468135,-2.7789023835417446,-2.6659301612222093
-0.08908283936721235,-2.749443960995831,-2.663200686894219
-0.060903458322304656,-2.7197880675811685,-2.660233135856232
-0.0333273864817648,-2.689945445428159,-2.6570284145884853
-0.006354525043789483,-2.6599268020796965,-2.6535874397670685
0.020015410572669732,-2.629742807286815,-2.6499111382200873
0.045782889669322535,-2.599404089826359,-2.646000446883471
0.0709485651561427,-2.568921234341624,-2.6418563127564285
0.0955132723856436,-2.5383047782068164,-2.6374796928565423
0.11947802793424396,-2.507565208416263,-2.632871554174501
0.1428440283312397,-2.4767129584992387,-2.628032873628497
0.16561264873584813,-2.44575840546128,-2.6229646380182468
0.18778544156286617,-2.414711866752845,-2.617667843978689
0.20936413505742155,-2.3835835972661834,-2.612143497933309
0.23035063181938772,-2.352383786361268,-2.606392616047136
0.2507470072779859,-2.321122554921601,-2.600416224179384
0.27055550811717033,-2.2898099524407227,-2.5942153578357523
0.28977855065233477,-2.258455954140275,-2.5877910621203895
0.3084187191589602,-2.2270704581203637,-2.5811443916875123
0.32647876415378546,-2.1956632825430695,-2.5742764106926854
0.34396160062914616,-2.164244162849843,-2.5671881927437696
0.3608703062410759,-2.132822749013603,-2.559880820851536
0.3772081194518366,-2.101408602826254,-2.552355387379943
0.392978437627524,-2.0700111952224045,-2.5446129939960906
0.40818481509140747,-2.0386399036400094,-2.5366547516198277
0.42283096113370633,-2.0073040094186583,-2.528481780373061
0.43692073797845965,-1.9760126952362391,-2.5200952095287152
0.4504581587082178,-1.9447750425846573,-2.511496177459375
0.46344738514725126,-1.9136000292853295,-2.5026858315856115
0.4758927257040233,-1.8824965270450855,-2.493665328323989
0.4877986331736325,-1.8514732990531886,-2.4844358330347442
0.4991697025009949,-1.8205389976200834,-2.47499851996916
0.510010668505507,-1.7897021618585522,-2.465354572216619
0.5203264035679747,-1.7589712154078536,-2.455505181651353
0.5301219152805585,-1.728354464201492,-2.445451548878867
0.5394023440605502,-1.697860094279213,-2.4351948831820764
0.5481729607287482,-1.667496169643787,-2.4247364024671167
0.5564391640532712,-1.6372706301631599,-2.4140773332088665
0.5642064782595881,-1.6071912895185343,-2.403218910396152
0.5714805505076181,-1.5772658331989189,-2.392162377476669
0.5782671483367114,-1.5475018165426713,-2.380908986301591
0.5845721570793683,-1.5179066628265259,-2.369459997069885
0.5904015772445329,-1.4884876614026543,-2.3578166782723433
0.5957615218713235,-1.4592519658841874,-2.345980306635309
0.6006582138540579,-1.4302065923797065,-2.333952167064117
0.60509798323946,-1.401358417777121,-2.3217335525862444
0.6090872644969079,-1.3727141780774146,-2.3093257642941856
0.6126325937626198,-1.3442804667786363,-2.296730111288025
0.6157406060586669,-1.3160637333105747,-2.2839479106177407
0.6184180324877122,-1.2880702815205058,-2.2709804872252235
0.6206716974043819,-1.26030626821036,-2.257829173886022
0.6225085155641744,-1.232777701725715,-2.244495311150807
0.6239354892508258,-1.2054904405969173,-2.2309802472865568
0.6249597053830538,-1.178450192232699,-2.217285338217488
0.6255883326016092,-1.1516625116665644,-2.203411947465704
0.6258286183375529,-1.1251328003562715,-2.1893614460915694
0.625687885862714,-1.098866305036688,-2.1751352126338412
0.625173531323246,-1.0728681166262735,-2.1607346330495134
0.6242930207572468,-1.0471431691874373,-2.1461611006534174
0.6230538870973699,-1.021696238941022,-2.1314160160575484
0.6214637271593925,-0.9965319433351112,-2.1165007871101547
0.6195301986176834,-0.9716547401683766,-2.101416828834552
0.6172610169685342,-0.947068926768121,-2.0861655633676954
0.6146639524823092,-0.9227786392232253,-2.070748419898506
0.6117468271453765,-0.898787851672113,-2.0551668346059384
0.6085175115927813,-0.8751003756458928,-2.0394222505968087
0.6049839220326299,-0.8517198594667709,-2.0235161178433754
0.6011540171631506,-0.8286497877018675,-2.007449893120687
0.5970357950833944,-0.8058934806724913,-1.9912250399436833
0.5926372901985466,-0.7834540940189619,-1.9748430285040517
0.5879665701208241,-0.7613346183210146,-1.9583053356068738
0.5830317325669166,-0.7395378787738396,-1.9416134446070126
0.57784090225295,-0.7180665349197625,-1.9247688453452865
0.5724022277879368,-0.6969230804355672,-1.9077730340844035
0.5667238785666848,-0.6761098429754652,-1.8906275134446833
0.5608140416631298,-0.655628984069647,-1.8733337923395466
0.5546809187250608,-0.6354824990784023,-1.8558933859107845
0.548332722871199,-0.6156722172017205,-1.8383078154636063
0.5417776755916045,-0.5961998015443132,-1.8205786084014828
0.5350240036523592,-0.5770667492359314,-1.8027072981607637
0.5280799360054943,-0.5582743916068946,-1.7846954241450803
0.5209537007051213,-0.5398238944186877,-1.7665445316595565
0.513653521830713,-0.521716258149482,-1.7482561718447922
0.5061876164184934,-0.5039523183344111,-1.7298319016106565
0.49856419140188,-0.48653274596043883,-1.7112732835698647
0.4907914405619287,-0.4694580479156128,-1.6925818859713728
0.48287754148871725,-0.45272856749250034,-1.6737592826335588
0.47483065255460366,-0.4363444849455671,-1.654807052877211
0.4666589099003005,-0.420305818102278,-1.6357267814583336
0.45837042443468096,-0.40461242302764266,-1.6165200585007504
0.4499732788492511,-0.38926399474194456,-1.5971884794285243
0.44147552464819506,-0.3742600679913498,-1.5777336448981854
0.4328851791949198,-0.35960001807111175,-1.5581571607307905
0.4242102227759917,-0.3452830617010302,-1.5384606378437866
0.4154585956833751,-0.33130825795284363,-1.5186456921826936
0.406638195315867,-0.3176745092291928,-1.4987139446526303
0.39775687330061194,-0.30438056229379984,-1.4786670210496449
0.38882243263558336,-0.2914250093524736,-1.4585065519918865
0.3798426248539021,-0.2788062891845472,-1.4382341728505976
0.37082514721086673,-0.26652268832434384,-1.4178515236809544
0.36177763989454625,-0.25457234229222925,-1.3973602491527317
0.35270768326079355,-0.24295323687482795,-1.3767619984808013
0.3436227950935273,-0.2316632094539402,-1.3560584253554906
0.3345304278911115,-0.22069995038369267,-1.335251187872763
0.32543796617966414,-0.21006100441543524,-1.3143419484642593
0.3163527238541151,-0.19974377216989567,-1.293332373827171
0.3072819415478259,-0.18974551165607714,-1.2722241348539858
0.29823278403156817,-0.18006333983637426,-1.2510189065620687
0.2892123376426531,-0.17069423423736557,-1.229718368023099
0.2802276077450028,-0.16163503460574263,-1.208324202292379
0.2712855162209251,-0.1528824446087996,-1.1868380963379896
0.26239289899536505,-0.14443303357891513,-1.1652617409698145
0.25355650359337495,-0.13628323830142552,-1.1435968307684232
0.2447829867315594,-0.12842936484530093,-1.121845064013837
0.23607891194421363,-0.12086759043599608,-1.1000081426141517
0.22745074724488393,-0.11359396536985607,-1.0780877720340296
0.21890486282405838,-0.10660441496943227,-1.0560856612230878
0.2104475287836858,-0.09989474157906156,-1.034003522544141
0.20208491290921082,-0.09346062660004169,-1.0118430717013418
0.1938230784798011,-0.08729763256473075,-0.9896060276681866
0.18566798211743002,-0.08140120524888103,-0.9672941126154297
0.1776254716754673,-0.07576667582151433,-0.9449090518388679
0.16970128416741564,-0.07038926303162639,-0.9224525736870143
0.1619010437364245,-0.0652640754310046,-0.8999264094886834
0.1542302596661925,-0.060386113632428295,-0.8773322934804523
0.14669432443385944,-0.05575027260250946,-0.8546719627340315
0.13929851180548156,-0.05135134398842863,-0.8319471570835263
0.13204797497466422,-0.047184018477803284,-0.8091596190526176
0.12494774474491441,-0.04324288819092052,-0.7863110937816341
0.11800272775625986,-0.03952244910455245,-0.7634033289545322
0.11121770475667983,-0.03601710350657202,-0.7404380747258029
0.10459732891885917,-0.03272116248056682,-0.7174170836472745
0.09814612420278344,-0.029628848419649342,-0.6943421105948415
0.09186848376466053,-0.0267342975686455,-0.6712149126951029
0.08576866841266031,-0.024031562593844338,-0.6480372492519375
0.07985080510992838,-0.021514615179473923,-0.6248108816729868
0.07411888552533324,-0.019177348650068687,-0.6015375733960744
0.06857676463237769,-0.01701358061787948,-0.578219089815543
0.06322815935670523,-0.015017055654477382,-0.5548571982085423
0.05807664727260219,-0.013181447985688013,-0.5314536676612325
0.05312566534889321,-0.01150036420899183,-0.5080102689949277
0.048378508744606384,-0.009967346032515914,-0.4845287746921915
0.04383832965477235,-0.008575873034739116,-0.4610109588228586
0.03950813620670465,-0.007319365444024248,-0.43745859697001077
0.03539079140709451,-0.006191186937086755,-0.4138734661558894
0.03148901214023695,-0.005184647455502577,-0.39025734476777535
0.02780536821769097,-0.004293006039354216,-0.3666120124838052
0.024342281479658626,-0.0035094736771073692,-0.342939250198742
0.02110202494835706,-0.0028272161708074316,-0.31924083994971997
0.018086722033633363,-0.0022393570156787734,-0.2955185648419306
0.015298345791066937,-0.0017389802932078991,-0.27177420897428334
0.012738718232778947,-0.0013191335767855413,-0.24800955736501928
0.010409509691159047,-9.728308489804715E-4,-0.22422639587731194
0.008312238235699331,-6.930554295138065E-4,-0.2004265111448213
0.006448269143110815,-4.7276291299950765E-4,-0.1766116904972217
0.004818814420884471,-3.048841155145251E-4,-0.15278372188572092
0.0034249323844372298,-1.8232802905859908E-4,-0.12894439380853995
0.0022675272879724264,-9.798478296217452E-5,-0.10509549523638424
0.001347349009164062,-4.472861129841455E-5,-0.08123881553788774
6.649927877617295E-4,-1.5420825353918404E-5,-0.05737614440506084
2.2089901819302964E-4,-2.9127902109509793E-6,-0.03350927177871095
1.5353096226951155E-5,-4.8904493038653396E-8,-0.009639987773854462
4.848531974392937E-5,3.304176752400829E-7,0.014229917394861428
3.202708436425308E-4,5.385763444042839E-6,0.03809865348775815
8.305296888962221E-4,2.2275737699788313E-5,0.061964430314715366
0.0015789268057574454,5.81539801626503E-5,0.08582545780976948
0.002564972191089955,1.2016618407008552E-4,0.10967994610569011
0.0037880210597939197,2.154471173959772E-4,0.13352610560856537
0.005247274070272514,3.5111764755428625E-4,0.15736214707237792
0.00694177760387093,5.342817705349668E-4,0.18118628167355244
0.008870424098205498,7.720236454188842E-4,0.20499672108550634
0.011031952434280463,0.001071404635216542,0.2287916775531724
0.013424948377277587,0.0014394603549739904,0.2525693639675119
0.016047845070883436,0.0018831977280866798,0.27632799393998736
0.018898923585008675,0.0024095920517604357,0.30006578187702637
0.021976313516731603,0.0030255840725551264,0.32378094305445704
0.025277993644285297,0.0037380770729442967,0.34747169369189745
0.028801792633892917,0.004553933969820887,0.37113625102712977
0.03254538979923558,0.005479974425874985,0.39477283339042785
0.03650631591332777,0.0065229719747673205,0.41837966027885726
0.04068195407255016,0.007689651161015874,0.44195495243051697
0.045069540612584745,0.008986684695511341,0.46549693189875324
0.04966616607597284,0.010420690627570433,0.4890038221263278
0.05446877623100559,0.011998229534433054,0.512473848019521
0.05947417314163941,0.013725801729102526,0.5359052360222015
0.06467901628811365,0.015609844487424336,0.5592962141898323
0.07007982373793273,0.017656729295291974,0.5826450122634296
0.07567297336685944,0.019872759116864192,0.6059498617434459
0.08145470412955105,0.022264165684669678,0.6292089959636091
0.08742111737945472,0.02483710681247109,0.6524206501646863
0.09356817823756407,0.02759766373175189,0.6755830615681921
0.09989171700962378,0.030551838452684738,0.6986944694500093
0.10638743065135416,0.03370555115043001,0.7217531152139539
0.1130508842812547,0.03706463757760943,0.7447572424652649
0.1198775127405249,0.0406348465037873,0.7677050970840029
0.12686262219963984,0.0444218371827915,0.7905949272983841
0.13400139181108608,0.04843117684868863,0.8134249837580235
0.14128887540776539,0.052668338241228414,0.8361935196071035
0.1487200032465458,0.057138697161556264,0.8588987905574365
0.15628958379644242,0.06184753005899287,0.8815390549614543
0.1639923055708789,0.06680001164966062,0.9041125738851059
0.1718227390034776,0.07200121256773442,0.9266176111806412
0.17977533836681428,0.07745609705008404,0.949052433559319
0.18784444373355078,0.08316952065506106,0.9714153106640011
0.1960242829793606,0.08914622801618295,0.9937045151416538
0.20430897382703048,0.0953908506314426,1.0159183227157365
0.21269252593112437,0.10190790468897433,1.0380550122584726
0.22116884300258285,0.10870178892979154,1.0601128658630474
0.22973172497260214,0.11577678254829876,1.0820901689156388
0.23837487019515066,0.1231370431312733,1.1039852101673864
0.24709187768744342,0.13078660463599712,1.1257962818062077
0.25587624940769715,0.13872937540820787,1.1475216795284944
0.2647213925694866,0.14696913624053928,1.1691597026107154
0.27362062199198106,0.15550953847208257,1.1907086539808645
0.2825671624853568,0.16435410212971455,1.2121668402897792
0.2915541512706663,0.17350621411181494,1.2335325719823618
0.3005746404334184,0.1829691264149834,1.2548041633686347
0.30962159941012485,0.19274595440434897,1.2759799326946601
0.31868791750706904,0.20283967512807013,1.2970582022133583
0.32776640645050825,0.21325312567658056,1.318037298255132
0.33684980296756045,0.2239890015871636,1.3389155512983995
0.3459307713969657,0.2350498552943786,1.359691296039948
0.35500190632893514,0.24643809462688568,1.3803628714651415
0.36405573527329366,0.2581559813511873,1.4009286209180043
0.3730847213550851,0.27020562976279205,1.4213868921711261
0.38208126603682474,0.28258900532528497,1.441736037495408
0.3910377118665761,0.29530792335779754,1.4619744137296833
0.3999463452509996,0.308364047771328,1.4821003823501466
0.4087993992525284,0.3217588898543606,1.5021123095396223
0.417589056409831,0.33549380710823995,1.5220085662566942
0.4263074515806758,0.34957000213269085,1.5417875283046427
0.43494667480633836,0.3639885215619086,1.5614475764002071
0.4434987741966829,0.3787502550516093,1.5809870962422126
0.4519557588350118,0.39385593431740995,1.6004044785799707
0.4603096017018191,0.4093061322249061,1.6196981192815514
0.4685522426165275,0.4251012619317865,1.638866419401846
0.47667559119631625,0.44124157608231335,1.6579077852504451
0.4846715298311399,0.45772716605450364,1.6768206284593616
0.4925319166740049,0.4745579612602809,1.695603366050539
0.500248588645594,0.49173372849890024,1.7142544205031696
0.507813364452321,0.5092540713639145,1.732772219820852
0.515218047616872,0.5271184297039325,1.751155197598522
0.5224544295203042,0.545326079137394,1.7694017930891914
0.5295142924547747,0.5638761306216079,1.787510451270513
0.5363894126859378,0.5827675300762297,1.8054796229111212
0.5430715635240779,0.6019990580613894,1.8233077646367624
0.5495525184030317,0.621569329510635,1.8409933389962574
0.5558240539659283,0.6414767935188377,1.8585348145272043
0.5618779531568182,0.6617197331852186,1.8759306658215225
0.5677060083172092,0.6822962655116087,1.8931793735907476
0.5733000242865587,0.7032043413560443,1.910279424731115
0.5786518215057688,0.724441745441809,1.9272293123884539
0.5837532391227007,0.7460060964219769,1.9440275360228312
0.5885961380987554,0.7678948469995169,1.9606726014729778
0.5931724043155554,0.7901052841030274,1.9771630210205147
0.5974739516807489,0.8126345291180846,1.9934973134539256
0.6014927252319726,0.8354795381742413,2.0096740041323033
0.6052207042380132,0.8586371024876641,2.025691625048892
0.6086499052961803,0.8821038487593853,2.041548714894364
0.6117723854249321,0.9058762396291111,2.0572438191198685
0.6145802451507926,0.929950574184565,2.0727754899998683
0.6170656315885705,0.9543229885262424,2.088142286694692
0.6192207415139371,0.9789894563875484,2.103342775312891
0.6210378244273792,1.0039457898101494,2.118375528973318
0.6225091856085679,1.0291876398744528,2.1332391278669642
0.6236271891601923,1.0547104974850678,2.1479321593185734
0.624384261040276,1.0805096942110908,2.162453217847971
0.6247728920820331,1.1065804031810267,2.176800905231152
0.6247856410003115,1.1329176400321876,2.1909738305611315
0.6244151373836593,1.1595162639143288,2.2049706103085143
0.6236540846710649,1.1863709785473284,2.218789868381804
0.6224952631124431,1.2134763333326615,2.2324302361874775
0.6209315327119028,1.2408267245184066,2.2458903526897678
0.6189558361528703,1.268416396417515,2.2591688644701837
0.6165612017041338,1.2962394426790924,2.2722644257867866
0.6137407461058731,1.3242898076123195,2.285175698633155
0.6104876774347635,1.3525612875627673,2.2979013527971226
0.6067952979472172,1.3810475323407219,2.3104400659192077
0.6026570068998628,1.4097420467011785,2.322790523550771
0.5980663033463469,1.4386381918751754,2.334951419211918
0.593016788909559,1.4677291871520264,2.3469214544490935
0.5875021705283776,1.4970081115120946,2.358699338892397
0.5815162631780637,1.5264679053096926,2.3702837903126377
0.5750529925633915,1.5561013720056713,2.381673534678075
0.5681063977836646,1.5859011799492446,2.3928673062108676
0.5606706339687424,1.61585986420863,2.40386384744327
0.5527399748852073,1.6459698284499706,2.414661909273485
0.5443088155118243,1.676223346864131,2.4252602510212626
0.5353716745834511,1.7066125661407847,2.435657640483178
0.525923197102551,1.7371295074893192,2.445852853987611
0.5159581568174978,1.7677660687060315,2.4558446764494493
0.5054714586668226,1.7985140262870503,2.4656319014244565
0.49445814118862125,1.8293650375864143,2.4752133311633453
0.48291337889430375,1.86031064301878,2.4845877766655633
0.47083248460590077,1.8913422683061056,2.4937540577327484
0.4582109117561247,1.922451226767766,2.5027110030218678
0.44504425665044633,1.9536287216534558,2.511457450098074
0.43132826069038976,1.9848658485182518,2.5199922454872206
0.4170588125573183,2.016153597639188,2.5283142447280613
0.40223195035594644,2.0474828564727328,2.536422312424158
0.386843863716866,2.0788444121524163,2.544315322295426
0.37089089585735885,2.1102289540260197,2.5519921572293995
0.35436954559977896,2.1416270762315643,2.5594517093321474
0.33727646934682487,2.173029280311416,2.566692879978862
0.319608483012989,2.2044259778638216,2.5737145798641414
0.3013625639115397,2.2358074932310883,2.580515729051924
0.28253585259634956,2.2671640662236947,2.5870952570250845
0.26312565465794374,2.2984858548796008,2.593452102734732
0.24312944247309573,2.3297629382579546,2.5995852146491343
0.22254485690738596,2.360985319266427,2.6054935508023176
0.20136970897008385,2.3921429275214297,2.611176078842346
0.17960198142077283,2.4232256222403477,2.616631776079242
0.1572398303271031,2.4542231951650395,2.6218596295325565
0.1342815865731421,2.4851253735157726,2.6268586359786275
0.11072575731772716,2.5159218229747253,2.6316278019974533
0.08657102740230525,2.5466021506982823,2.636166144019261
0.061816260707691084,2.57715590835723,2.64047268837069
0.036460501459271336,2.607572595203998,2.644546471320635
0.010502975480118209,2.6378416611661053,2.6483865391257546
-0.01605690860845008,2.667952509964913,2.651991948075609
-0.04321955823937154,2.6978945022587975,2.655361764537431
-0.07098519580581819,2.7276569588098836,2.658495065000574
-0.09935385762113066,2.75722916367339,2.6613909361205725
-0.12832539293310874,2.7866003674087025,2.664048474762845
-0.15789946299311328,2.815759790311284,2.6664667880460504
-0.1880755401803261,2.8446966256644437,2.668644993385071
-0.21885290718159126,2.8734000430100624,2.670582218533615
-0.25023065622717655,2.901859191437356,2.6722776016264955
-0.28220768838284527,2.930063202888687,2.6737302912214793
-0.3147827128985255,2.958001195481513,2.674939446340827
-0.3479542466139339,2.985662276845491,2.675904236512423
-0.38172061342144503,3.0130355474737702,2.6766238418105344
-0.4160799437864834,3.0401101040875425,2.6770974528962244
-0.45103017432574705,3.0668750430128213,2.677324271057354
-0.48656904744346435,3.093319463568501,2.677303508248221
-0.5226941110259685,3.1194324714647235,2.6770343871288325
-0.5594027181947884,3.1452031822105297,2.676516141103775
-0.5966920271184749,3.1706207245298144,2.6757480143607073
-0.6345590008833183,3.195674243784617,2.6747292619085004
-0.6730004074232111,3.220352905404686,2.6734591496149305
-0.7120128195087029,3.2446458983223856,2.67193695424405
-0.7515926147954664,3.2685424384118686,2.6701619634931353
-0.7917359759322634,3.2920317719315357,2.668133476029244
-0.8324388907285286,3.315103178968792,2.665850801525406
-0.8736971523816478,3.337745976886035,2.6633132606963996
-0.9155063597640116,3.3599495237668773,2.6605201853341347
-0.9578619177698698,3.3817032218616063,2.6574709183426712
-1.000759037722102,3.4029965210308317,2.6541648137727973
-1.0441927378388056,3.4238189221862863,2.6506012368562386
-1.088157843759803,3.4441599807278154,2.64677956403947
-1.132648989133004,3.464009309975458,2.642699183017116
-1.1776606162606014,3.483356584595635,2.6383594927649487
-1.2231869768050596,3.5021915440204396,2.6337599035725017
-1.269222132554807,3.5205039958589355,2.6288998370752523
-1.315759956249584,3.5382838192995267,2.623778726286428
-1.3627941324652768,3.555520968502304,2.618396015628395
-1.410318158558233,3.572205475980375,2.6127511609636174
-1.4583253456687926,3.5883274559691785,2.6068436296252493
-1.5068088197839709,3.6038771077827176,2.600672900447288
-1.5557615228590806,3.6188447191557227,2.594238463794322
-1.6051762139981334,3.6332206695707416,2.587539821590874
-1.6550454706927846,3.6469954335691095,2.5805764873503283
-1.7053616901196291,3.6601595840448105,2.5733479862034256
-1.75611709049556,3.6727037955202397,2.5658538549263885
-1.8073037124910376,3.684618847402819,2.558093641968572
-1.8589134207008462,3.695895627221502,2.550066907479733
-1.9109379051721809,3.7065251338421805,2.5417732233368815
-1.9633686829896757,3.716498480660955,2.5332121731706936
-2.0161970999170924,3.725806898774337,2.524383352391519
-2.0694143320953065,3.7344417401253613,2.5152863682149595
-2.1230113877962395,3.742394480624642,2.5059208396870183
-2.176979109232341,3.749656723245434,2.4962863977088565
-2.2313081744213146,3.7562202010916645,2.4863826850610744
-2.285989099105537,3.7620767804380386,2.4762093564276038
-2.3410122387258796,3.7672184637412487,2.4657660784191697
-2.3963677904494194,3.7716373926213143,2.455052529596315
-2.4520457952505965,3.7753258508121363,2.4440684004919904
-2.508036140045372,3.7782762670803436,2.4328133936337375
-2.5643285598778585,3.780481218111472,2.4212872235654213
-2.6209126401589455,3.781933431362563,2.4094896168685267
-2.677777818956371,3.7826257878803355,2.3974203121830633
-2.734913389335777,3.7825513250838996,2.3850790602279677
-2.7923085017520894,3.7817032395112586,2.3724656238211406
-2.8499521664907395,3.780074889528622,2.3595797778990066
-2.907833256158101,3.7776597980016646,2.3464213095356494
-2.9659405082205845,3.774451654927918,2.3329900179615195
-3.0242625275917367,3.7704443200293687,2.319285714581693
-3.0827877892667406,3.7656318253044296,2.305308222993685
-3.1415046410036513,3.76000837753852,2.2910573790048634
-3.200401306050795,3.7535683607722916,2.2765330306493627
-3.25946588591951,3.7463063387267934,2.2617350382046024
-3.3186863632017007,3.738217057184742,2.246663274207357
-3.3780506044313947,3.729295446327056,2.231317623469365
-3.4375463629896634,3.7195366230239304,2.215697983092519
-3.4971612820521387,3.708935893079637,2.1998042624835983
-3.556882897578395,3.697488753430283,2.18363638336855
-3.616698641342439,3.6851908942938496,2.1671942798063646
-3.6765958440036033,3.6720382012716355,2.1504778982024453
-3.736561738216933,3.6580267574005196,2.133487197321578
-3.796583461782419,3.6431528451552575,2.116222148300446
-3.856648060832176,3.627412948400107,2.098682734659686
-3.9167424930547847,3.610803754289115,2.0808689523155004
-3.976853630955985,3.593322155114396,2.062780809590831
-4.036968265154854,3.5749652501017093,2.0444183272260665
-4.097073107714584,3.555730347152736,2.025781538389329
-4.157154795507138,3.53561496453335,2.0068704886862676
-4.217199893610705,3.5146168325073344,1.9876852361694395
-4.277194898739241,3.492733894914909,1.9682258513472288
-4.337126242703099,3.469964310695454,1.948492417192308
-4.396980295899887,3.4463064553538794,1.9284850291496471
-4.456743370834631,3.4217589223700817,1.9082037951440842
-4.516401725668303,3.396320524550914,1.8876488355874288
-4.575941567793783,3.3699902953241443,1.8668202833851073
-4.635349057438292,3.3427674899739377,1.8457182839423938
-4.694610311291418,3.3146515868172313,1.8243429951701229
-4.753711406157635,3.2856422883206644,1.80269458749
-4.812638382632458,3.255739522157502,1.78077324383944
-4.871377248801213,3.2249434422041183,1.75857915967595
-4.92991398395939,3.1932544294755942,1.7361125429810518
-4.988234542353672,3.1606730930000326,1.7133736142637617
-5.046324856942532,3.1272002706311373,1.690362606563594
-5.104170843175444,3.0928370297987446,1.6670797654531488
-5.161758402789711,3.057584668196805,1.6435253490401804
-5.219073427623778,3.0214447144085903,1.6196996279692615
-5.276101803446118,2.984418928468736,1.5956028854229727
-5.332829413798564,2.9465093023617523,1.5712354171226333
-5.389242143853061,2.9077180604567587,1.546597531328571
-5.44532588428083,2.8680476598781346,1.5216895488399442
-5.501066535132808,2.8275007908117877,1.4965118029940938
-5.556450009730316,2.786080376746852,1.4710646396654623
-5.611462238564994,2.7437895746524625,1.4453484172640079
-5.666089173206752,2.700631775089529,1.4193635067332084
-5.720316790218776,2.6566106022572,1.393110291547579
-5.774131095078493,2.6117299139738863,1.3665891677097441
-5.827518126103361,2.5659938015926507,1.3398005437470395
-5.880463958380455,2.5194065898508398,1.312744840707667
-5.932954707698703,2.471972836653807,1.2854224921563824
-5.984976534482687,2.4236973327926155,1.257833944169719
-6.036515647726933,2.3745851015956916,1.229979655330789
-6.087558308929586,2.324641398514189,1.201860096723558
-6.1380908360243085,2.2738717106412154,1.1734757519267225
-6.188099607309382,2.2222817561647403,1.1448271170071038
-6.237571065372838,2.1698774837542025,1.1159147005125822
-6.286491721012524,2.116665071880819,1.0867390234645735
-6.334848157150043,2.0626509280716188,1.057300619350052
-6.382627032737362,2.007841688097197,1.0276000341131013
-6.4298150866550685,1.952244215093346,0.9976378261460427
-6.476399141601139,1.895865598616433,0.9674145662800419
-6.522366107969036,1.8387131536328576,0.9369308377753153
-6.567702987714169,1.7807944194425283,0.9061872363108544
-6.612396878207462,1.7221171585365411,0.8751843699736921
-6.656434976075,1.6626893553892041,0.8439228592477119
-6.69980458102266,1.6025192151845704,0.8124033370020033
-6.742493099644558,1.5416151624776435,0.780626448478749
-6.784488049214247,1.4799858397905326,0.7485928512806859
-6.825777061457607,1.4176401061435993,0.7163032153580515
-6.866347886306234,1.3545870355220635,0.6837582229951302
-6.906188395630302,1.2908359152781534,0.6509585687963133
-6.945286586949821,1.2263962444691434,0.6179049596717112
-6.983630587123118,1.1612777321315526,0.5845981148223058
-7.021208656011574,1.095490295491829,0.5510387657246506
-7.058009190119427,1.0290440581138334,0.5172276561151131
-7.094020726207633,0.9619493479834618,0.4831655419736551
-7.129231944880715,0.8942166955308566,0.4488531915071926
-7.163631674145492,0.825856831590383,0.41429138513243574
-7.197208892940663,0.7568806852990342,0.3794809154583376
-7.229952734636194,0.6872993819334968,0.34442258726805997
-7.261852490501443,0.6171242406863794,0.30911721750048987
-7.292897613140973,0.5463667723820518,0.2735656352313039
-7.323077719897067,0.4750386771325665,0.23776868165358106
-7.352382596217865,0.4031518419341357,0.20172721005795588
-7.380802198990101,0.330718338204748,0.1654420858123526
-7.408326659835513,0.25775041926325803,0.1289141863412046
-7.4349462883697655,0.1842605177507429,0.09214440110428648
-7.4606515754230625,0.11026124299449412,0.055133631575065185
-7.485433196221325,0.03576537831529468,0.01788279121860703
-7.509282013527008,-0.03921412172144007,-0.019607194530963695
-7.532189080738614,-0.11466413411004808,-0.057335388293454616
-7.554145644947879,-0.1905713702639233,-0.09530084076604985
-7.575143149953712,-0.2669223789290123,-0.133502590747168
-7.59517323923196,-0.34370354915105056,-0.17193966516083437
-7.614227758860033,-0.42090111329559426,-0.21061107908143162
-7.632298760395466,-0.4985011501203613,-0.2495158357589294
-7.649378503707568,-0.5764895878990967,-0.2886529266445529
-7.6654594597611565,-0.6548522075962517,-0.328021331416894
-7.680534313351566,-0.7335746460917426,-0.367620018008467
-7.694595965790038,-0.8126423994550409,-0.40744794263270717
-7.707637537538579,-0.8920408262678328,-0.4475040498114166
-7.719652370793509,-0.9717551509943956,-0.4877872724026196
-7.730634032016776,-1.0517704673990926,-0.5282965316289252
-7.740576314414255,-1.132071742009901,-0.569030737106261
-7.749473240360225,-1.212643817627361,-0.609988786873082
-7.757319063767173,-1.2934714168780173,-0.6511695674200095
-7.764108272400143,-1.3745391458115115,-0.6925719537199069
-7.769835590134907,-1.45583149754047,-0.7341948092583943
-7.774495979159114,-1.5373328559223078,-0.7760369860648045
-7.778084642115704,-1.6190274992819729,-0.8180973247435377
-7.780597024187879,-1.7008996041749467,-0.8603746545059241
-7.782028815124826,-1.7829332491892782,-0.9028677932024469
-7.782375951207566,-1.8651124187859505,-0.9455755473554317
-7.7816346171542135,-1.947421007176538,-0.9884967121921655
-7.779801247963909,-2.029842822237214,-1.0316300716784392
-7.77687253069886,-2.1123615894581387,-1.0749743985525269
-7.772845406203753,-2.1949609559272694,-1.1185284543595961
-7.76771707076196,-2.277624494347495,-1.1622909894865108
-7.761484977687889,-2.3603357070863247,-1.2062607431971362
-7.754146838854895,-2.443078030256826,-1.2504364436679933
-7.745700626158164,-2.525834837828985,-1.2948168080243758
-7.736144572911999,-2.6085894457703946,-1.3394005423768864
-7.72547717518095,-2.6913251162152148,-1.3841863418583924
-7.713697193044252,-2.774025061660356,-1.4291728906614012
-7.700803651793076,-2.8566724491878297,-1.4743588620758654
-7.686795843060038,-2.9392504047121824,-1.5197429185274027
-7.671673325880574,-3.021742017251877,-1.56532371161591
-7.655435927685581,-3.1041303432236975,-1.611099882154658
-7.638083745224982,-3.1863984107588297,-1.6570700602097344
-7.619617145421782,-3.268529224039701,-1.7032328651399382
-7.6000367661561095,-3.350505767656379,-1.749586905637082
-7.579343516978922,-3.432311010981412,-1.796130779766701
-7.557538579755009,-3.513927912561993,-1.842863075009183
-7.534623409234863,-3.5953394245283006,-1.8897823683013109
-7.5105997335551455,-3.6765284970167937,-1.9368872260781749
-7.485469554667356,-3.757478082607521,-1.9841762043155764
-7.459235148694489,-3.838171140773998,-2.031647848572755
-7.431899066215303,-3.918590642344681,-2.0793006940355627
-7.4034641324759916,-3.998719573974825,-2.1271332655600377
-7.373933447528979,-4.0785409426274954,-2.1751440777163715
-7.343310386298635,-4.158037780062618,-2.2233316348332957
-7.311598598573668,-4.237193147332849,-2.2716944310428575
-7.278802008926057,-4.315990139284993,-2.3202309503255676
-7.244924816556258,-4.394411889066008,-2.368939666556022
-7.209971495064648,-4.472441572632089,-2.417819043548844
-7.1739467921489855,-4.550062413259842,-2.4668675351050493
-7.136855729227829,-4.6272576860582815,-2.516083585058817
-7.09870360098977,-4.704010722480409,-2.565465627324639
-7.0594959748684465,-4.780304914833206,-2.615012085944858
-7.019238690443283,-4.856123720784793,-2.6647213751376118
-6.977937858765878,-4.931450667867573,-2.7145918993451565
-6.935599861612107,-5.006269357976045,-2.764622053282546
-6.892231350659821,-5.080563471858279,-2.8148102219867783
-6.8478392465922955,-5.154316773599544,-2.865154780866235
-6.80243073812742,-5.227513115097101,-2.91565409575056
-6.756013280972662,-5.3001364405248355,-2.966306522940899
-6.7085945967059395,-5.372170790786504,-3.017110409260519
-6.660182671582483,-5.443600307956426,-3.0680640921058155
-6.610785755267821,-5.514409239706355,-3.1191658994976943
-6.560412359497056,-5.584581943717261,-3.170414150133292
-6.509071256660494,-5.654102892074999,-3.221807153438153
-6.4567714783159875,-5.722956675648379,-3.273343209618696
-6.403522313628024,-5.791128008448604,-3.325020609715086
-6.349333307733911,-5.858601731968831,-3.3768376356544776
-6.294214260037223,-5.925362819502594,-3.4287925603046228
-6.238175222428812,-5.991396380439919,-3.4808836475278295
-6.181226497435658,-6.056687664539944,-3.5331091522353204
-6.123378636297904,-6.1212220661787535,-3.5854673204418854
-6.064642436974273,-6.18498512857139,-3.637956389320996
-6.005028942076391,-6.247962547966671,-3.690574587260189
-5.944549436732243,-6.310140177813734,-3.743320133916844
-5.883215446379211,-6.371504032899103,-3.7961912402743225
-5.82103873448707,-6.432040293453086,-3.8491861086984493
-5.758031300211372,-6.4917353092243255,-3.902302932994344
-5.694205375977677,-6.550575603521366,-3.9555398984636185
-5.629573424997046,-6.608547877220042,-4.008895181961918
-5.564148138713398,-6.665639012735514,-4.062366951956767
-5.497942434182992,-6.72183607795792,-4.115953368585861
-5.430969451386843,-6.777126330150325,-4.169652583715587
-5.363242550476417,-6.831497219807981,-4.223462740999969
-5.29477530895322,-6.884936394477707,-4.277381975939913
-5.225581518782847,-6.937431702536256,-4.331408415942789
-5.1556751834441235,-6.988971196926626,-4.385540180382385
-5.085070514913873,-7.039543138851153,-4.439775380659162
-5.013781930588096,-7.089136001420275,-4.494112120260823
-4.94182405013994,-7.137738473256021,-4.548548494823293
-4.869211692315463,-7.1853394620489475,-4.603082592191946
-4.795959871667611,-7.231928098067624,-4.6577124924831885
-4.722083795229262,-7.277493737619548,-4.712436268146382
-4.647598859125978,-7.322025966462452,-4.7672519840260685
-4.5725206451292575,-7.365514603164946,-4.822157697424528
-4.496864917151004,-7.4079497024155625,-4.877151458164662
-4.420647617680072,-7.449321558279054,-4.932231308653155
-4.343884864161484,-7.489620707399111,-4.98739528394403
-4.2665929453193945,-7.5288379321463585,-5.042641411802441
-4.188788317424412,-7.566964263710749,-5.097967712768805
-4.110487600506225,-7.603990985137383,-5.153372200223264
-4.031707574512361,-7.639909634304779,-5.208852880450423
-3.9524651754139453,-7.674712006844667,-5.264407752704409
-3.8727774912593724,-7.708390159002402,-5.320034809274243
-3.7926617581767577,-7.740936410437076,-5.375732035549499
-3.712135356326199,-7.772343346960387,-5.431497410086242
-3.631215805802542,-7.80260382321352,-5.487328904673337
-3.549920762489927,-7.831710965280997,-5.543224484398978
-3.4682680138688182,-7.859658173240758,-5.599182107717533
-3.3862754747766406,-7.886439123649633,-5.655199726516707
-3.3039611831229525,-7.912047771963321,-5.711275286184951
-3.2213432955602026,-7.9364783548901325,-5.767406725679203
-3.1384400831110555,-7.959725392677667,-5.82359197759289
-3.055269926753434,-7.9817836913316444,-5.879828968224179
-2.971851312964084,-8.00264834476621,-5.936115617644609
-2.888202829222048,-8.022314736884828,-5.992449839767896
-2.804343159472873,-8.040778543591163,-6.048829542419065
-2.7202910795547686,-8.058035734729215,-6.105252627403858
-2.6360654525877685,-8.074082575951937,-6.1617169905784035
-2.551685224327029,-8.088915630517764,-6.218220521919151
-2.467169418481375,-8.102531761014344,-6.274761105593105
-2.3825371319983235,-8.114928131008822,-6.331336620028258
-2.2978075303164918,-8.126102206624067,-6.387944937984378
-2.2129998425868824,-8.136051758040265,-6.444583926623995
-2.1281333568639655,-8.14477486092123,-6.501251447583646
-2.0432274152678467,-8.152269897764937,-6.557945357045413
-1.958301409118684,-8.158535559177665,-6.614663505808695
-1.8733747740445765,-8.163570845071243,-6.671403739362219
-1.7884669850641162,-8.167375065782924,-6.728163897956336
-1.7035975516448256,-8.169947843117317,-6.784941816675545
-1.6187860127387956,-8.171289111309978,-6.841735325511224
-1.5340519317965353,-8.171399117912157,-6.8985422494347075
-1.4494148917605891,-8.170278424596294,-6.9553604084705025
-1.3648944900399476,-8.167927907881822,-7.012187617769781
-1.2805103334666113,-8.164348759780943,-7.069021687684133
-1.196282033235555,-8.15954248836389,-7.12586042383951
-1.1122291998293836,-8.153510918243466,-7.182701627210436
-1.0283714379289395,-8.146256190978379,-7.239543094194442
-0.9447283413112523,-8.137780765395183,-7.296382616686674
-0.8613194877358997,-8.128087417828441,-7.353217982154841
-0.7781644338213873,-8.117179242278896,-7.410046973714273
-0.695282709912629,-8.105059650489352,-7.466867370203245
-0.6126938149409389,-8.091732371938097,-7.523676946258534
-0.5304172112778349,-8.077201453749566,-7.580473472391161
-0.4484723195839841,-8.061471260522156,-7.63725471506236
-0.3668785136545993,-8.04454647407293,-7.694018436759774
-0.2856551152627147,-8.026432093099181,-7.750762396073804
-0.2048213890014511,-8.007133432756548,-7.807484347774244
-0.12439653712690987,-7.986656124153806,-7.8641820428870615
-0.04439969440281508,-7.965006113764059,-7.920853228771385
0.03515007705166027,-7.942189662752377,-7.9774956491967135
0.11423379290955174,-7.918213346219812,-8.034107044420304
0.1928325517778938,-7.893084052363744,-8.09068515126475
0.2709275403322923,-7.866808981554642,-8.147227703195773
0.34850003844293975,-7.839395645329147,-8.203732430400182
0.42553142429063706,-7.810851865299669,-8.260197059863996
0.5020031794716749,-7.7811857719804065,-8.316619315450838
0.5778968940899449,-7.750405803530022,-8.372996917980403
0.6531942718351319,-7.7185207044110005,-8.429327585307172
0.7278771350455541,-7.685539523965874,-8.485609032399278
0.8019274297543096,-7.651471614910419,-8.541838971417558
0.8753272307173788,-7.616326631744046,-8.598015111794757
0.9480587464223476,-7.580114529077579,-8.65413516031493
1.0201043240763228,-7.542845559878637,-8.710196821192957
1.0914464545718925,-7.504530273634832,-8.76619779615431
1.1620677774295256,-7.465179514435121,-8.822135784514893
1.2319510857152676,-7.424804418969523,-8.878008483261073
1.3010793309323194,-7.383416414447588,-8.933813587129887
1.3694356278851776,-7.341027216435861,-8.989548788689378
1.4370032595150044,-7.297648826614773,-9.04521177841908
1.503765681704926,-7.253293530455279,-9.100800244790678
1.5697065280538565,-7.207973894815719,-9.156311874348765
1.634809614617715,-7.161702765459151,-9.211744351791804
1.6990589446164952,-7.1144932644918155,-9.267095360053181
1.7624387131060588,-7.066358787723041,-9.322362580382421
1.824933311613276,-7.017313001947098,-9.377543692426517
1.8865273327332557,-6.967369842147562,-9.432636374311425
1.9472055746873584,-6.916543508624634,-9.48763830272365
2.0069530458407345,-6.864848464046017,-9.542547152991993
2.0657549691781143,-6.812299430421893,-9.597360599169413
2.123596786736544,-6.7589113860046295,-9.652076314114968
2.1804641639939506,-6.7046995621136904,-9.706691969575967
2.2363429942121047,-6.64967943988659,-9.76120523627016
2.2912194027328807,-6.593866746956349,-9.815613783968054
2.345079751226554,-6.537277454056242,-9.869915281575373
2.3979106418908938,-6.479927771552456,-9.92410739721561
2.449698921599879,-6.421834145905412,-9.97818779831266
2.5004316860008307,-6.363013256060452,-10.032154151673604
2.550096283558728,-6.30348200976871,-10.086004123571543
2.59868031954666,-6.243257539838754,-10.139735379828576
2.6461716599810905,-6.182357200320061,-10.193345585898854
2.6925584355008882,-6.120798562618889,-10.246832406951697
2.737829045188962,-6.058599411547524,-10.30019350795487
2.7819721603353535,-5.995777741307667,-10.35342655375787
2.8249767281406912,-5.9323517514088575,-10.406529209175352
2.8668319753588998,-5.868339842522833,-10.45949913907061
2.907527411878043,-5.803760612274729,-10.512334008439145
2.94705283423831,-5.73863285097193,-10.56503148249231
2.985398329085978,-5.672975537271714,-10.617589226741035
3.02255427656236,-5.6068078337884675,-10.670004907079605
3.0585113536267095,-5.540149082641528,-10.722276189869515
3.093260537312039,-5.473018800944642,-10.774400742023406
3.1267931079128575,-5.405436676238019,-10.82637623108903
3.1591006521038376,-5.337422561864031,-10.878200325333315
3.1901750659884467,-5.2689964722875855,-10.929870693826464
3.2200085580765454,-5.200178578362292,-10.981385006526075
3.2485936521901,-5.130989202543332,-11.032740934361408
3.275923190295967,-5.061448814048348,-11.083936149317609
3.3019903352649234,-4.9915780239673,-11.134968324519999
3.3267885735560325,-4.921397580322457,-11.185835134318458
3.3503117178254533,-4.850928363079687,-11.236534254371785
3.3725539094588433,-4.780191379112148,-11.287063361732127
3.3935096210265305,-4.709207757117592,-11.337420134929454
3.4131736586606,-4.6379987424905,-11.387602254056029
3.4315411643531295,-4.566585692150056,-11.437607400850945
3.448607618174759,-4.4949900693254685,-11.487433258784682
3.464368840412829,-4.4232334382996,-11.537077513143652
3.4788209936283643,-4.3513374591122975,-11.586537851114828
3.491960584631138,-4.2793238822246,-11.635811961870335
3.503784466372133,-4.207214543145109,-11.68489753665207
3.5142898397527045,-4.135031357019814,-11.73379226885638
3.5234742553497576,-4.062796313186681,-11.782493854118668
3.5313356150563098,-3.9905314696961502,-11.830999990398086
3.537872173636797,-3.918258947799122,-11.879308378062188
3.54308254019651,-3.8460009264035175,-11.927416719971593
3.546965679564568,-3.7737796365008633,-11.975322721564645
3.5495209135898915,-3.7016173555642244,-12.02302409094208
3.55074792234957,-3.629536401918823,-12.070518538951687
3.5506467452691477,-3.5575591290867283,-12.117803779272927
3.5492177821542987,-3.4857079201069743,-12.164877528501602
3.546461794133406,-3.4140051818325525,-12.211737506234423
3.5423799045105877,-3.342473339205509,-12.258381435153659
3.5369735995287246,-3.2711348295117695,-12.30480704111169
3.530244729042073,-3.2000120966169345,-12.351012053215555
3.5221955070980666,-3.129127585184539,-12.396994203911499
3.512828512427921,-3.058503734878173,-12.442751229069465
3.5021466888457082,-2.9881629745489064,-12.488280868067552
3.4901533455555462,-2.9181277164094555,-12.533580863876464
3.476852157366629,-2.8484203501965912,-12.578648963143893
3.462247164815757,-2.7790632373230664,-12.623482916278876
3.446342774197179,-2.7100787050207806,-12.668080477536117
3.4291437574994434,-2.6414890404764333,-12.712439405100245
3.410655252249071,-2.573316484961233,-12.75655746117002
3.390882761260864,-2.5055832279561208,-12.800432412042527
3.3698321522946473,-2.438311401273965,-12.844062028197255
3.347509657618341,-2.371523073180235,-12.887444084380178
3.323921873477218,-2.3052402425136798,-12.930576359687729
3.2990757594692104,-2.239484832808328,-12.973456637650742
3.272978637826277,-2.1742786864185635,-13.016082706318315
3.2456381926016977,-2.109643558648564,-13.05845235834162
3.2170624687633005,-2.04560111188768,-13.100563391057593
3.1872598711926265,-1.9821729097532603,-13.14241360657263
3.1562391635900213,-1.9193804112423922,-13.184000811846134
3.1240094672857146,-1.8572449648940736,-13.22532281877402
3.090580259956992,-1.7957878029633798,-13.266377444272123
3.0559613742514307,-1.7350300356089459,-13.307162510359529
3.0201629963164716,-1.6749926450955137,-13.34767584424182
2.983195664235353,-1.6156964800128646,-13.387915278394221
2.945070266369608,-1.5571622495127058,-13.42787865064464
2.9057980396083103,-1.4994105175650052,-13.46756380425665
2.86539056752428,-1.4424616972352715,-13.506968588012338
2.823859778437475,-1.3863360449842745,-13.54609085629505
2.7812179433858324,-1.3310536549916931,-13.584928469172072
2.737477674003879,-1.276634453505242,-13.623479292477148
2.6926519203092947,-1.223098193216609,-13.661741197892928
2.64675396839794,-1.1704644476659036,-13.699712063033289
2.599797438047559,-1.1187526056759316,-13.737389771525544
2.551796280230583,-1.0679818658178402,-13.77477221309251
2.502764774536464,-1.0181712309096012,-13.811857283634504
2.452717526503902,-0.9693395025487851,-13.848642885311147
2.401669464863475,-0.9215052756810971,-13.885126926623114
2.3496358386911464,-0.8746869332061695,-13.921307322493695
2.2966322144730293,-0.8289026406219354,-13.957181994350243
2.2426744730821166,-0.7841703407092039,-13.992748870205517
2.1877788066673722,-0.7405077482577374,-14.028005884738834
2.131961715455803,-0.6979323448353156,-14.062950979377103
2.075240004468104,-0.6564613736012007,-14.097582102375739
2.01763078014848,-0.6161118341654129,-14.131897208899403
1.959151446909263,-0.576900477495218,-14.165894261102583
1.8998197035910687,-0.5388438008702666,-14.199571228210052
1.8396535398389853,-0.5019580428876612,-14.232926086597171
1.7786712323957365,-0.46625917851847626,-14.265956819869988
1.7168913413123688,-0.4317629142169904,-14.298661418945253
1.6543327060772814,-0.3984846830840298,-14.331037882130184
1.59101444166436,-0.3664396400857649,-14.363084215202152
1.5269559345010046,-0.33564265732929577,-14.394798431488129
1.4621768383568634,-0.3061083193963498,-14.426178551943998
1.3966970701541046,-0.2778509187364022,-14.457222605233696
1.3305368057001492,-0.25088445112054825,-14.487928627808158
1.263716475343564,-0.22522261115734124,-14.518294663984081
1.1962567595542617,-0.20087878787197425,-14.548318766022545
1.1281785844287409,-0.1778660603499907,-14.577998994207398
1.0595031171213847,-0.15619719344680522,-14.60733341692348
0.9902517612027698,-0.13588463356426442,-14.63632011073466
0.9204461519459671,-0.1169405044954701,-14.664957160461675
0.8501081515418221,-0.09937660333906816,-14.693242659259761
0.7792598442443213,-0.08320439648421497,-14.721174708696111
0.707923531446891,-0.06843501566735109,-14.748751418827098
0.636121726690949,-0.05507925410200801,-14.77597090827534
0.5638771506075981,-0.0431475626827455,-14.802831304306524
0.4912127257936409,-0.03265004626436979,-14.829330742906008
0.4181515716230231,-0.02359646001754268,-14.85546736885527
0.34471699899484165,-0.01599620586187871,-14.881239335808091
0.270932505019064,-0.009858328977609685,-14.906644806366515
0.1968217676412125,-0.00519151439688522,-14.931681952156655
0.12240864020700716,-0.0020040836757388896,-14.9563489539042
0.047717145968443245,-3.03991647769118E-4,-14.980644001509736
